Text,Image
a very typical bus station,http://lh6.ggpht.com/-IvRtNLNcG8o/TpFyrudaT6I/AAAAAAAAM6o/_11MuAAKalQ/IMG_3422.JPG?imgmax=800
a boy looked at a dog while performing with person at their former university,http://78.media.tumblr.com/3b133294bdc7c7784b781b45eb9af7be/tumblr_nbirmjpEme1tkk0fco1_500.jpg
young confused girl standing in front of a wardrobe,"data:image/jpeg;base64,/9j/4AAQSkZJRgABAQAAAQABAAD/2wCEAAkGBxITEhUTExIVFhUXFxgXFxYYFxgaHRcXFxcdGBcXFxcYHSggGB0lHRYYITEhJSkrLi4uFx8zODMtNygtLisBCgoKDg0OGxAQGi0lHyUtKy0tLS0tLS0tLS0tLS0tLS0tLS0tLS0tLS0tLS0tLS0tLS0tLS0tLS0tLS0tLS0tLf/AABEIARMAtwMBIgACEQEDEQH/xAAcAAACAgMBAQAAAAAAAAAAAAAFBgQHAAIDAQj/xABLEAACAQIDBAcEBQoDBwQDAQABAhEAAwQSIQUxQVEGEyJhcYGRBzKhsRQjQsHRM1JicoKSssLh8BUkohY0U2Nzg9JDVKPxk8PTJf/EABkBAAMBAQEAAAAAAAAAAAAAAAECAwQABf/EAC4RAAICAgIABAQFBQEAAAAAAAABAhEDIRIxBCJBURNhsfAFMkJxwTORodHxFP/aAAwDAQACEQMRAD8Actrs3VXMhhspgg5SDvkHhuoC2JuJZZ7rqrDtFnMwMwJzFdJgkU24g0H2jZVwysAVKiR4GagijK8wnSM3QWuXMPnLvCZwpCAnLI46CZ5VMW8rEQ+HMiVAxCSw1koN7jQjTiCOFFNgtbRb1pkQ9XiGUEqp7LutxN/ALcC/s0bdLZzRat/oHIumkZRpzE/t0bFEW5tC2DGfDk/o4i2fkawupz625Qww61O8GdeyQRxp5fA4UjXC2fA2knwiN9QDgMMWVWw9g5lzXJtp2mEQzCO1qW1PE11hQkYG6z28/YMXCjdtdJLxMGF9wRO8a1KtYUtbD9mTb6yMyj/1erjU6DjPlU7AWrKjquptmcW4cBFg2xea2iuI1AW7AB3AVI2NYsvhrfWWLZJQ22JUarmNyDO8Z9Y502q+/mLf3/YEYfZb3M0AdlSxhkPAxuPEiPOvDsi51otx2ewS0jQNEmJ4T8KO2LGGslgmHRRcQqxUAAAaaxvnMah4uxYe8JtKeyjyZ962FRT4x8qAU/NQHubMvAkZNZiMy6ndzmu+E2fmUs2gXKTqh7LNBPvbxI0qbj8FhrZuYgWEFxC90MBrnUlwR3yKn4PYmDVHX6PbhwquNe1DBhOv5yg1xQF29nMHKFDoxUnsxoYnfPCtMBYL77bA9ripEqCQN86xG7jTHi9m4aTe6uLgcPmUmS08dY1J5V5sfZ2Ey5uoAIZ0UktIRWNscfzVmuGpf5AeBw+dnXJGXKRrOYMJHgdK3XDghT1bDM2UTl03amG3drhrRHZl611lwragSETfqiJKn1Z18ql43Z+DUZbdoJ1Tq6BCYzuMnfOiqf2RXewjr4temv5FZr8YhbJtiCCcwOug9KnWYZlUWyJMdoj+UkcedRr+IRrqHqiC19LQBmcjgq88lgoaO4uzhrN1Rh7ARQ25AYmFLsfBcvoaPt9+rK8Y8pL2v6L+Rcw2027BaxALlSQwO5SwiSNeyx10gUawV45p6lyvD3d/frXDDWLDWS7WFL5sMoLKZAvMhv7/ALJt3GDcNGHA0S2psvAg5UwtkcuwKCIMmYTEO7NKhUAEAsuaZ5A7oqPtc3oYWlDZrTaFSwzKGMDKZlpA3H3al7M2datksqiSFBHDQk6D9r4UTtgcAK446PWV6ayicS8Q530n9MNt3bBRLSZ7lwNpDGFTLPZXf70U3YgVVHtE2jmxDIpI6u2uYgkSTmbLpwjKfELypSkFckqBFna+ICXLvvIbjM4OUFmAAOX7RygKRG6BNFtl9MSb91nY5Mq5bfBYKxEH3jmeT3LyilPZVzOyF5M22Wd/aLgk68yzE0Y6M7Hts7qQC63NdTpbAUwVkaNmaDvBUbxTULkdaqvux22l0lH0NMWkKXXMBo2VzbZlXv7ahfOl/aPSq5bFm5lWXtB4I3rm7JJHuzEmJiRvoNj7dxbOKsCDbw9y2QIEgupJltBACsRpJM8q22Ns65jbqBVEKllTm1VLaoJEE6yZhfiACQyilsS30NOD2PfxF0DDsArt9JctICA3M4BIBlsyrEDgaG28W9t1wudfq2dSyEkE53ESQDGjHdrIGlNdjNZxHV28wBwtxR/27bMuvFpgkkA9oGBMVVeyseRdL3BCi31pMzp+JLeppJW42i/h+KyJSLa6J463bZhiCnaiDBKgjMJII7JIby11qNgth2sRdv3HLA/k7eVyoUKIZgI1YtmBnTsDlSFhOmGe71fUdmSAQ3ajdJBEHhpp41cmwdmwbLEhgbbNujRwvzOY/wBmkhd1IbxkMVLJietnz/e2tiWuEPdbM9zM+u4qTIA4CeAjdT50Tx3Wk231ZcobvVjCkc5+40mdONkPhcXfDb1vsVI4pc+tQ+jAHvkUe6LMEx1nMSFvKAvLsksDrzyjX9Lvq6WzI3aHHbVtrWGEETayi42mltTOYAGdRA13SKidGtlXLguva7SW3VlUzmvXDaUtBOhBzGCTGYeY32ZtDS/dIRsmBuFlYSM7XXuW1uDiMlxdOTHnUv2a38uIu4dD9XbuZVGvMgjXgGBjuFIzWk3G/vRE2RsC527iNK9gBROZ1UQzESMjBcsrHMcNY208a6NrCqcrAnQ5BAO+IIduPDnTvsLCkYjFLPu4i4T4PkuqPDt3PWkzpVZRrAa6CUt3nDDj1ZuMoAPd2PSuRKf9RTBdjYrXMVazA22SXZritm7WqwDGde0VBmBl47q826WsgFnLiShvoWIF5YbKVBhJIOk7gBrTdicC2OOU3MroAUZRqCbauGneylnUwdOyOVadFNnjG4LE2r6qpuXLyNlA7LqfeB5q+oJ/NFLu/kaJZI8Lrf3/AKFjo7hXjEX7BBW5MqxBa1cBLdoAGbJzGHEESJGhNStj2mZcjE9bZVA+gyyyBgAc0mAwkxG+ifR1TgMNgxiVVbr3mtwJk2yxFw3cwOaG5QBnHfPBlGHxIXN9Xae/YbkUFsYmxPPLbYj1qqpmXbjXsFsHdB0nXlRGyNar7D7RFu6l1VZUuZiFYyQJGs8tR+J30+4C5MEbokUGhEySwrK9u15SjE2/VHdLTONxf/UA9Lairyv1RfSP/e8V/wBa58DH3UnoavDq5gvZDQqHv++mnYeIyY10/wCJbVt8SVkGTHI0q4H8mPCmGwwGMwxP2kK/Ec6aL2zvFRqMH8gH0k0xOLDMfeB8/sg6jgYmpuwtr3cKpvpmKlmJXN7wDEGdCCdeINZ0ot5Mbd7fVhgjBtR7yAN7uoG/UAxNanEI+FuSAhRSuUbpjskefDuB5RZJNUzDfsWvh9pL9fecjLawl1ysGcxXmTxXhvkGSZmqP2dhSwujj9HO79G4h+6rD6T7T6nCFLYUtfdEY8eqtgMdRG9mA3899LPQ+yG+lz+aFE/tE/IVFusdmvw8OeZR/f6HHoHgOsvKxElnAHeSwA+Jr6V6oKQBwVRPgSKo/wBj2GDXlO8Wyx8wYE+bA+VXgnHy+IB++ljuTYvjGo44xXt9Shva4C+0r9vdH0dQf1kQz6ufSttqWVS9gmULCXbEQTIV2ylSCY4bxG7dUj2u4cW9pl4jPbw9w95W4Lc+ltaX9r4wm24kAhVZTyKOG0PDf8a0xWjInpDd0YsC5hr9pVGdreJVoAE3LTognvI6oyd5LGpfsmuB8biCJ0vXm8QWOUk+JbTvqV0PRQ94AmTfvMP1b6C6h89P7FcvZfaCbSxi8mPxaSfU1KXZrhJ8P7lgdSExOIPG6bTeiC3/ACmlPauFW4ly225+sB9Tr5RTviV/zS99s/6Wn+alDHx1hIGhZvQk/jSok2Suiyq+Gw4zi3f6i2piJy2j2gAd4nQ+VadA2TPi7Y/9LF35/bc3PvitNiIocZsx6svAHNmD6LxM3NPCljZu1Tgtq4lLk5b2Z1U7isgqRrpMXFM8aLCo3RC9sWJPXWsoC3GVesg7lYtlXTcYXfvIYchUtcMz57VxsvW4GxcDsJi8VexmneSVAB7qW9oRjdq5FmLl1WM6kF1VdT3LPhpypt9qadXew9tRCvYuof1bYED1uDykcaaI35JO/mI2LxJZrS/mWkTfOoJkj1+FWvspYAHJQPSqjvr9eoHFbMftW0J+JNW/s5Y9KMiKJNysrDvrylGJ1+qN6QD/ADmJH/OufxGrxv1SHSG2Tj8SACfrWOgJ367h41L0Nvh/zgnDrCxy09KNNpcwjd5HyP3UMZImRGtSbtwi3Zuf8O6PQyv300Ox/GryRCHTdPrbLgKZtkNmiCqlT9qOZ76XnBQXkyyLiqFn9oDx4DyFMPTa4rfRiJJ94LEhu0kqxzCBAPPl3gHtXA3NbhUqGOaZEGT7vPMO7lO7WtNqjzYxbV+xrtbFF3JJ91VQa/mqPvJ/pRvoUpK4hp1ATXdJ1Jn++NLeKMbySSZM/nHX5k04dArX+XvE72dvgoAqGfWOjf8Ah6vOn+529nrdTjR1c9XdJK8hn+zPMFTpyINXowgkcoH+kVR3slAu4y0pGqdYw9I+GarZ6R9IsPhMxvOBJ7Kz2mjTQffupMfuyP4glaUStfbdanE2WGs2CP3L6n+ekLafuE/osPVZHyps6TbZuY1lNqySUBAkTMkHcJj3V48KVsa9+3IxFkqp0Jy7vI76osqWiCxPirLA6MmbRv5jmOFtnLH2rYZlYn/uRu+wKlezsH/GMdIgFEbzuZW9NCPKhfRO+rWjZUjWy6jwKnKR8KeujeETPaxS6PctW0fvGhHmJotp7RTHF00Mu0NL1p+Quj1UN/IaT2SSPj99Nu2z2SeKk/6kZf5qTtobRtWFzXDE7hvZiSAAo79O6lJmXsULIu3c2UKmrxOSdM4HMVX3R3AFNl4jH3AXvPcCgtJMdaoueZm7ThgOuxeCxF51NpXs3VRBqQe0JJPvMCo5DXzqN0csl9hhiCQWuXDm3mb76nmSGoPSKYvzoX/Z5YnbNudZLN/8LsD6gU8+1PABzh7h+x1q+VxVJP8A8VI/R7aVrD7VtO7BVBu2s53BsrKGbu3+GblNPfTlnFpSXzDOwjmepuEacNR8apDoGZVN/uVljrGW9hTzRB5rdYfIrVrYD7qrEW2u2sPdA/JND9ysfenxQkj9KrOwH3VzJI7rWV6BWUoxMxFw86qnpLi71rF4g2nNtFyNcNtAXdrglQWYHKAANd3yq08RVbe0heqy3k0a6DZc/nJlbQjidZHKBSIpFW6F7Z23WxzPYv3ApYhrJYLAuDs9WXABhw286ZgN00PAIw90HQrcOnIq/wDShWynCZyVDghAQSRqbgKmVM6Fd3GaO3z9U872zMfEkkn1NMdOTrh6HLpE7AWSBoquN0wDEmeA1ie+o+29q57Vi2M5dQBmO5pEc5ncJrt0ly9XbBLe68EcSRpPdzodisOy3LZykg5Tp4iR3HSPOr/pv2IrshX3YEhwVYbwf60+dDbmTDLPEs3kSY+EUv8ASnBM95iql4tKewJ5a5d+Xh5zTHh7OS2q8FUD0FZM8rij1fw2FTlL2X1/4dfZbiEw1/HYm4ezYtlQOJa6/ZA7z1ceZobda9tHF53Jhm3chvyrPAUMyEG4JMOwZv2AQs/vN6mrA9n2yytrryoltEnQBQdW567v2aWUqRnlHlkY3bF2RbsoFRQIHLfXXaeyrd5GR1DAiIIrT6XdVhIRlPKVI9ZB+FEswAkkAczWVo0LopTHYBsHiOqUlcplDPA6jy3in3ojtQfRLAU+5ctWWB3/AJRQP9JFAPaYUe9adGUjKwlSCNI0kd8UM6JYkjEJa4PetN5o0/eK1Y5OjNLyt0W10pxDi0+SJOXU8NdTHH+tV4cGqBnYl2LK7u5kkK2ok7gFnQaCrIx4nTmtV50vK2CLbbrqsA0dnXQqxGo3juqqZmodtiQ2HNvdBYeTtP8AOaWejykbAK6qy2mOm8FTnPnoaJ9CLh+jLJzHKgLfnMoUM3ma1U9Xs/Fx9hMUf3Vcj5UWGOtlQLhusICEOWjKYPvOACNeOsT406WMXcuRs5rZFzDOudy8qyKHQaESCVuabxCjwoL7OMOGxaIYhZbvzLlKj0k07YvCBds32H28NZc+IZrfyQVSCFnK7YubKsPasXWuKBbcAAyCC57AjlvE/qnnTvsv3F/VX5VXXSHGMcRbw262pkjmxdl9ABp3sasnAj5UJCo6g1lbW91ZSjEnEVXntTX/AC9o/wDOj1tv+FWFfpB9p6ThFPK6p9Qy/wA1TRWDqSKx2as22PO4g9CD99G8Z7h8DQnZi/U/90fArRbGns+dOI+2Q9ruWsW2FvOerncTk0BLEDeAJ36azwrvjsKVy3ANJJcA6hoIJA3wNPWeND9qD/LWvT0BrW9eItAP2gF0lt07vPdVUpNaFjx/U6GjFbZt2MQhZSestBMwgR2pBaYAGvkPCpTY6yRC3bbGNAHUk+QM0qdObWVrH/TI81cg/h5UL2CJuqOEz6An5getZpY1JWbMHinibSXYy3U1ji7qg8//ALPqKu/C7PQ2hbyjIFCgdwEVR4uD6VgwdzXR6m4kTV+YfQVDJ6DYt2BcNsG3ZZygjO5dtTqzcdTp4CBrXTbF25kY21LlV0QEDMQN08JMCal4u25cEMsDeDx8OVebPDnMXAGp0BnQbvhSN72W4qtFYdL8ar3baNaCXgstEbioaC0DNEEeINQ+jjBcdhid2dR5nsg+q1I9ol9f8Ssqu/Jr+0GA+dCOsyXLdz8xxPd9oT5OKtHpMyZO6L1xe/8AYNV37WMU1uzYZQutx0JImJQMsfumrExOrfsD4yarj2wL/k7R5YlfjaufgKtHsgMXQJj9Bw87zbBJ5ljJPqazbrBMJjQftLeA4flAwj41r0GP+Tw3/Qt/Ja69JEt9Wy3RKPdtIQJ1L6IBGoOZl14b6Z9nLornoCCNpJG5luE/s2jJ+IHnVjbXwxXaYuTpcwoUDvt3ST8Li0o9BMGLePuKdWS3eQeOZR6wvzp726P81ZPK1e9C1kfy1TGTl0VJte/m2ld5LcCjyIJ/1FqtfA8aqPaAI2liJ39dPrB++rcwO7yoSOR3XdWV7wrKUY736RfaZ/ubdzp/EKer9IvtO/3J/wBdP41qaHXZW2zh9Sve8/66I4wdk+VRNnp9QnjP+qpWL3HwNOL6kI2w1q2CuYZ2UjkNZIgjUDWO6vNpYdlU5kK6jQzv3qO/Q76H4ZB15bNBVlIHE/a04aR8aPX7l7FMttQSXKW1ECA7ZVOupAzRJ7q049LfRJ9kbp9czXLQ4BDHgTx75n1oVsC32yeQ+JIPyBpk9oeyns5EdlZra/ZnRHMIDIGvZbyy0F6PJ2Se/wCQP4n0rLfkL15iRt0MFs3k0NtjB5EFWFXtsnaPW21YbyoJHiJkd1U5jMLmt5eDRHjlEfOPOrB6Dkvg7Z1zWxkJ49nQT5VmyPSNOLsPYrZ0tmBIJ4hj8uPnXVcWLdsl3HZBljpoOJrldu3gPsnvqsPaljbwVbeYhW1YDiOAPd3VKK5NIvOfGNivtzbP0naPXrOXrUC/qKwA9dT50WxywHH6h9Pqz/CKVMEkEMeGo/Gm7EGRHEo/+lw/3n0rXOlSRijbtseOjPTN71y4L7W7SW0tKsb3lSCSTv0UGAONQPa9jEbBWApnPfzA8wltp+LikzaKZcO9wAElVWTwh8s+lK2bTfO/j3VTGr2Tlp0fQPQtYw2HXlYt/wAA/Cs6X7SGHt9Yba3IdCFbdMQG3H3TDeIG7fUno5BCheFsfBYoH7T9LK97p99A5ADoBiIxytcYSwaWJiWOp38Tr51Ym3F/zNk87N34PaP31UWybOe6E5hj+6pcfw1aZxOd7QLZmtWAHP6VwqYPeQgMb9Rzq2MSfRWHSC3l2nf72tt620J+M1amA3eVVp0wEbSbvtWz8x91WXgN3kKEhUSJ0rytCdBWUg5Mv0je0/8A3G5+tb/jWnbEGk72g282BvA9x81II+IpEOV3gF+ot+H310xBpbOOuL2VcgDcNDHrWgxl0ky7U1HSVMKYBgLr5gCMs7gSCQBoYMSJHpyps9nNkPjVO8WsxU6xqjg6HdqV3DhS1sPCqbd64xkyqiW4xoO/U0wez45MVJlRluA69kSJAMnuqrkvhNC8XyTOntJuZr+K13G2PJUX76W9kDLZnnPoNPm1GemfaxuJHArPraH3gUIxQyWcu7sqP3jmPyFZf0pFUt2HgZteBn0g0+9AkK2pjR2PrP8AWkTY+Ha4WVRMKSfDMEPxK1aWwcC1u0q8gPXeahNmmEa2ELqd1VZ7UcExdG+yBr3Va+tLvTTZPXWlyrmyuGZRvZeIpIadjTVooi7ABj15+tMtlpyHnp5MkH4v8KY8fsjC9S4ZltsRpnOQiO1DBo03b/DjS2tsqijUEGNfHf6R6itUuiDg4hPZOFNyxdQqSI5SNwJB8D86VNtbNW3qAB2Z0HMsPup99n+O6vF5SYDAjumZ/mX0pj6fdBkxVtrtiLd4KSRHZcKC0QPdYk+936zVMQrxtrkiH0f28LdgXSmhCI0lVAJ0EMTzMbqFe0jHl1s9nKMxG+fdDcYHOpvRmwHwiCAdbTa9zAg/I+lFukOzVfDEHRUIuHcZFs5yJ5HLvpb2Lrj1sQOja5sRbAJE5lBHDMjLp360w+yxWGEYtOY3rhYneToDJ4muOC2Zh8Pe662UDqWMnUBMrNnEcRG8zRXoMP8ALKx3uXuNpGruzaDgNd1Wxszz6FnpmP8A/RHfYt/xvVkYHd5Cq66YJO0VP/Jt/wAb1YuE3eldI5G1ZWrNWVMcm4ilTpoJwtwHiKa8RSf02eMO1BBZS7jWulizpu1Op+6vL2+pFnh4U5y2w3gsAPo6HLBZyQeJKkrGb7M5dNRqK69HlRcQlq7bLq7lBbyy2crCCDwkj8YqbhbqixZWQAVJKnKFJLFt8SDOs8NN+smfZbgg+NZoDCyrMGGozMMgg7jozAbvdmg42Vx21Q3f7F4WyXxDoGcIAFP5NAoAUBdx1A1O7hVPbavG45b85yfKYHwFXv0wuxhbh/RPrBj41RliwXZAB9r+YzSz00kXnFLSHDoPhG64EaEKpjgyvmDA8927uNWlYGgHIUq7NwXVXlgRAjyJzJ/+0U3FJFcsaapl0lxpmsV4VHHdx/Ad53V4Sw7/AJ/1rXDXA6o8MJAbKwgqSNxHBhMetIsFS30LTTBm1tldac7hSBMLHuqRESZzHfr391V/0o2VlDOqwpaIAgSVBGg3arVuRIil3pXsk3LLwNdCB+kNxq042gyjaKjwmJyXUcGDp8Zg+oHpV34XFi7hi6n37Zg8sywD8fhVEYxCpI3EH0nUejKB51Z/QLaPWYQpxRiPJu2B5Zo8qhz4pkYPtEboghWxlI1VV071A0+FEsRf661ftscuZWURvCsCgfxJkx4Vy2Vb7VwA7+s+ZilXA7UZ8JiLhkP1ZHHs54UQTyJJorezO9MXMRiusAOctuO8n50U2Z0hv2kW2mQjvDT/ABAUAwuVREgRukipSassDz5+lUj5egZZ/EdtDRtDDtdxlonf1VvN4lmY/OnZGIpR2TcLYu4TwPjoFCrHdEGmtDRbJJGzGsrw1lAcI4g0kdPX+oPjThib27vmlXpVgXvhbVtQzavlLZQVUiZaRG8DnrS9HU26RUa4G7czNbtXHVfeZUZgv6xUQPOuaXCI1I3jTnI0+FfQPRXF2+pIw9m3YZWm5Y92HIjeOcaNqDHjEfpF0RweMy3b1t7V3i6FVZv0X0ZX+ccaVZ1fmWi78M6tPZSpxRJHEBY0HLdPp8acvZhtApi8q6B7ZJ5EqRlG/gCfU1MxvsncAmxigxO5XUr/AK0J/hoLsfo7jcBjbT3bDC3mKl1h1hxlBZl3akamKrOcJJ8GJBZINKSLR6a3JwdwjkJHmKrLoZh8+ItHgG18JIqxNvXQ+EfwHzpE6EXFW+ob8/L6ywHqpqMZ89s0v8yLRv2lNxGA0kJ4yc0+HZI/aNFjUQ/ZPJl+cffUlzWlItJHM14u+sauJNzrPsdVl78+efTLHnNEXdUSkNaYxoRjxCkjxjSsBr24ZUg8dK5nIqnp10c6kJdQdhgA/MMRv75OtRugGP6q81s7nXd3ruI8ZNOftCsF8A+XepRvIMM3pqfKqn2fist60+6Dr4d/fvrLOJKepWN21duYiziXt2smrALKyTmgjUmN5ph6PdE7Vq01u4xu58ucDRYXco4kd8ie6odvY4u4y3ePuKise9wTkHyPlRbaOIdNFPlUpT0khY41bbCSph7QC27NpdY91R5bq547BYZ4LWLP63VrM89Br60k4npWbN1wLSsw0LknfxA3+GnKoqdPGYzcsZyDoOshR5ZdfOgsc3sf4mNaHGwLTqxt2Qh3ByoQlV0Bj3o04iuloxNAMLt76QQcuXnP3D7/AJVLxe00Qqk9otljkShcT4gfGr400tmfNKMmqCpuisoGMSSayqEqC+PuldDwalDptfuLdS4hIK21IbMRlOczA3GYAI5TTztvDypIpI6U2SbOfeSFUj9QsR/H8KVBZmzOn+FKzibb27y6ZrSyrg932dw07hrRDC+0vDserJuBdwNy2CCO8qSR4kVU+KtPOlsnyrnbzqwLiBymPlXfAixv/RNF87O28r/kryvH2QQSB3jf60Yw2NZve1PhVBnabKUYaMhJVxoZ4TB1ESO+at3ottZb1tLq7mGo/NYaMvkZ8d9QzYHj2acWZZDzpRNtXUCFZZA4TvgefzqrMBjil8GY7QM+f9jzq8drYFcRaKHQkdk8jw8qoPbeGazeZHEMjEEcjvHiD8orsJ2TWz6B2TiOstq3OPhRN6Wuhd3NhbTc1B+FMjVtRY5sa8r01rcJynKAWgwCYBMaAngJiiC6Nq9mueHZiilwFeBmAMgNGoB4ia3jWuOTI+JsqwZGEqwIjmDoR8fjVC4vD5WuqPet3GE+E/0r6CxVuUMakaj8KoXGvmxF4j7TMf2tx0qWQnkV0WB0Expu4dXO+Sp/ZML/AKYontnEC2j3D9hS3jAkClj2csVS4vDNPrP4UR6VXc1o2x9sgeQMn5AedY2rlR11GyuGusSSd51J7zvrgkzTANlHlWn+FHlWwwkno/dgipuL2ePpNu6GY57kFTuWbZAy8tR8ah4PDlDrTTsO3mJJExBHjrrXBN7eEisot1dZXHBPEW5BpQ2vgyyFANZ/s06X755Up7Z21dsuSqpu4gnf4EcqVM4Xv9nj+afQ0N2v0PvuPqwI4hgRPLWD3132p7S8ZaMLbw5Helz7rtSNm+0DHXVDFMOAQT7lzh43P7mmtrZ1XoVP9ksashrDsOBQqZ7tSDHlTf7P8NfsC5bu2mtqSHXNwO5hMRqAp9akP0zxMSRa8kbnHFq3PSK87LmyFJ1IUzy01pMs3ONMpjXFjzg70ik72ndGevt/SLX5a2NR/wAS3yPeN48xyhg2fiAQNak466OraeRrLB0zbSkqYE9lmKz4FOaM6ehkfBh6U70rdCrAS04A061j6gE/GaaBur0Y9BqlRhryvTWopgHorYCo/wBI+t6vI8ZM2eBl97Lkmfe1BjlUgGgB9m4NVVtzo8E2g6+6t7NctTuzFQWXxzhj4EVagNC+kWxbeLtZG0ZTmtuN6MOI7iNCORpZK0c1Yk9HLeVCVEltwH96bz6UTbZVxjLCT4j8aG9NMJiMOLd2zdZQQLdwLAhgNG7gQCPIc6Vf8axn/ubv71Sjjp2ZM098SwF2G/5vxH41n+A3PzR6iq6bbWNmPpN7/wDIfxqBtfbGNADDF4gAb4vXBp5Hwp6IWWp/s650geoqXs/ZL2QQ0a7teX/3VabB2ziLkTiLx8br/wDlVg7HZsmru36zE/M0AhJkrK4tWVxwTxFJfS9d0U5XzSt0oSUnlSoZlQ9Iz247qP8AR/tYdSSFIBU7hpwOvd8qXukAm6fCpuC2jFnsqgK9mWIgADQwdSTyAO400la0NCk/MMjhcsKjMJG+Ne8Ame8bvKvMDjI7HVmBpDkAz4gGlXDXWuOov33RSJDSQN0iAsAeNFrTkj6nE3LgGhLIsRvgG4C24cRSODKKeO+mNWzNtMjAOmUdzZo+A0o/i9ohk0Mg0lvjUCzrIjsKbYM8d+Yd/DdwrRNs2vtNfQHeSqNl/cGvlNT+Hsqs0V0mWR0K1su3O63wRB91MvClL2cPaOEItXDcUXnkkEGSqkggga68uNNg3VriqRSMuSsytTWy1hFMMc7j1041ExBJMDflPrwqWw1oBmtI9r0GvKxa4VMHdIdnm/YuW1jMw0ndIII14bt9VLcslWKMsMphgeBG8Gau1hSZ0/w1u1b+llDIZUfKNSDop8RoPDwoNGfxELXJCPbwE1C6QYQLaJI0ytPidFA9akXulltd1tz5L95od0i2q17DibFxFZgQ5HZaOEjTkYrktmIjdErnbI5VbmyPd9Kpnou8XvGrj2K/Y8hQmthXROesrx2rKQYIYiKXNvibZpjxC0C2yk2zpQQWUttsfWzO/fG8b+E132bjkt22t3MOtxXac09pRESsEAHzo1idlg3GbKGO4KdBvk66/I10sbNjXq7fjBEz3JlHrNPy1QKB1zaWFiBhgQBMuwjSFiSGMwo07q5WdsSQtu1atZtxZA279JiY9KLPsYE6W0A01QsG85OU+GlbnYWoifENm/eBAy+RNT4RY1tAAY/EMTF+6g11ZsgMcAoOnH0rtgMZjGbKlxzqolwGAzNlUkkEwSd+6mBdm5NUsAk8XcHx1IYHxCrXS1hr+UAi3pu00BIIJykZQdZlQDpvNHjH2GTbLWwez1tW1tgTlGpgDMeLEDTUyakLpuoB0Z2ribspdtgwPyik7+TAiJiNZ15UwriBJUggj0jxq0arRsjOHVnqvXWK0IU8q0dsv2hHeQPiaI9HG+Tm7PvaiDprBy68vwrNni8tpRfym4OyzKZDRubUCCePfUa9j7TuqrcBYHcO18V3VI2ljAtoOdBIB7pME0rfqUVSqiZXoqK2PUCYY6xu48td2/jzrj9MZ9FttH6RAHnEk/1pkQlKENSdE4XuA1pY6eAXLIw7HKHOYtMRl90CQZ7UT3UUS85JEGP0QY82591APaLhrl3CpkbKy3RLCJylGBEkeHpQadGXJ4hS8sUKWD2PYtW5vvYaJJZrakCdAA13QeAEk891KnSDalp4tWDFlSza6ZmaBIXgoCqAO6iT9F8+rM7NzZyfmKj3Oisbh8T+FCLSdsg1aoE7HjrlIO6ri6NXAUPgKrPCbEKPMVY/RhOwfAUJO3YEqQZYCsrVlrKUIVvrQjaduUP9+FHL1y2N5+dDsZtDDoMzhiByB5RzFIMxSOyY4VumAohiOmezl327x1jROPm9QL/tF2as/U39DB7C/wDnROOn0HmDWfQu6oZ9p+z+GGvn9m399ytT7UcB/wC1v/u2v/OjxfsC0EFwhrdcJ3UKPtVwY3YK6fHqx+Ndj7TrQEjZzEb56y39ymu4s6xn2PYZVYyd4PjoR94opbumGk9o8Yb4gjX+lDujO2DjbAvrY6gFmVVzBswUwW0VY1kfs0at2GO8HyNXitEpPZAZLZEPqYKloAJB1PgJ3ComJW1uCr+6PwotetAbwfOahuizu+FPQtnHZ6qNYium3bYewQDx181Ij1IqQt3TRfuoVtbEHJcXJ7wy/tQIOnj8KEkqNGDM8b+/QnNa+rDccoJ8VG/0n0FZavF+IUcTXa80WpnWI8yI/GuGzk40IFPGNOSa9iUltRuWe81F2zZzWSsb2XQDlRHQbzSp0+6RXMJbtdV1ea47flNRlVdYAI1lloT6MsE26OI2UeAPoa1OzX/NPoaVl9oWLP28N+6f/wClaYrp/j1UsOoMCfyZ/wDOoGp4pJWNH+Ekn3W9DRPZeANvMIInnSbsjpvirqyxtg9yfiabdlbUu3Qc5HdCgVxNhBlr2uLXTzrK4BNxNAtrjsGj+JFA9tLCGgcVRt9yDoY3mhSWWZSQ0HfPhNFukA7YHd99SNm9H3v2CVNs7xlJIIPCYU8INPGvUZp0L6YZ2QswgntA75BOuk6DXlXq4Ubt5/pvplt7LvW7YF1DI0JVSdNwEifkKGYtLciLgkaks28cRlnj67t1VVVoy8pWDL+HEdiT/euvOjmE6NsbasXOozFNw13CZ5UPxL2wxKkOSN4gCZ3H+nnU6wmNdTlW66xr2Wy7p7hw3Dn30smaMUJOLsuD2f4ULgMOuZjCtrEEfWMYI7jInuptsoANGPr+Ipd6IJlwWFAIP1NvUbjKg6etMdrdRZMy7bJ4jz/pUJ7Lcx8aIFRyqNeA4mPOimBojZCN7UPxeDRiSToCCYgSQI1PpXfaWLW3bdwJyqW8YGgHidKG7Kuu65rhBJMgARAPfv8AjRtsGieSGGUSfDQDz/sVNwmC0108PxrnZFTrLUJMPZxv2ANwqjfaztfrsaLKN2bA6vSTNxjLwB+yvipq8dpX8iM/5okePAesVVz7Ms2Fa4+XM0l7rWhcuOzbyqKpiTqYB76k5aHSd6Krzv3kDfK6Vq15joPQTr4jjVq/4Nh3KubFuDqGUQrA7+zplPMfAGuVrYuGsublqx2tYJYwJ/NXWKFr2Kc51TYp9GtV86sXo3ubwpN2Hghbe5bkdlvSQCKsDYqjUxwoWKyU1ZXViKyiAJ4jd+FL+2V+rJNG8TNCNq5shgClQSq9sFDdyz2oHzNE9g4ZLTtmdHzxBF7q4gyBKsJMCIMD1ro2zrgum5baGggyJBBMkEeMelc8dszEXcoe4pCsGChABI0GnH+tMM3aobL22QjFcj3LeVdQVbtMwXLJOsZ51PBuWu11kINxsPcKgAyVtgGdAB2swieI40rf4PeOhKRyyseEb80/GvbXR6/2c2IdgGUwWcghQBlILQVMaiKAH8hj2Zi7L3rq9XbVk95ob3olwSyjcTBOkkbhpXPbfSN8MCRbtuAwQdphMgkmcpEAQOcmIoKOjrSSbjakncuk8FkGF5DdUvD7HKurG45ykkAkbyIJOmvhR0AsLo7ezYey0Kua2hyr7olQYXdpRywaC7IH1VscQi/Kittqr6EyUajXkrsGrleNBAYsdMrmXCvB1LW19biz8Aa6bNY5EkfZHyob7QrsWba/nXR5hVYn4xU3Yn5JP1RVEKG7VTLQ0qJZFS1MCpyY6FL2gbZa11VtApLkswObRVELGUH7RnvymqjxmyLzHMb1y4SSTKECTyl/kKsnpGDdxDtwXsDwXQ/GT50PGGqdlEhO2OmLw85bjZTqUhWUnd9rcYjUCiWI2ti20CKvfANMa4UHhWtzZ1dyOFbZFq4Ljsx7TkGdOAA5d1P2xZjXlQRcFrIpj2WkDyoHEhlrK2esrhQnfoTtX3KyspUMLloVKUVlZRCd7aDlXfqxG6srK4DNAorwisrK44ZMD7i/qj5USsHSaysq/oTJCVyv1lZS+pxX3tFYzhx/1D59gfIn1ozsL8kngKysqiFD2Hrs50rKypTGQiWt0866ZRWVlIUPcoitrYrKygA9toOVT8MtZWVwTZ6ysrK4DP/Z"
interior design of modern living room with fireplace in a new house,https://thumb1.shutterstock.com/display_pic_with_logo/152074/125938838/stock-photo-interior-design-of-modern-living-room-with-fireplace-in-a-new-house-125938838.jpg
image shows lion,https://thumb1.shutterstock.com/display_pic_with_logo/324673/177023534/stock-photo-cybernetic-scene-isolated-on-white-background-sci-fi-robot-arm-made-of-compound-metallic-as-a-177023534.jpg
types of people in a crowd,https://prismpub.com/wp-content/uploads/2016/11/Chicago-Riverwalk_graphic_13.jpg
traditional ornamental floral paisley bandanna ,https://thumb1.shutterstock.com/display_pic_with_logo/701386/201063638/stock-photo-traditional-ornamental-floral-paisley-bandanna-you-can-use-this-pattern-in-the-design-of-carpet-201063638.jpg
# of the sports team skates against sports team during their game,https://media.gettyimages.com/photos/bryan-mccabe-of-the-toronto-maple-leafs-skates-against-the-new-jersey-picture-id73480619?k=6&m=73480619&s=612x612&w=0&h=99aa-OK9NQ_tJCllsuA5vifiFfxD-EW13TNYlg9m9D8=
Laptop not working employee stressed,https://encrypted-tbn0.gstatic.com/images?q=tbn:ANd9GcQyMpe_sUyvh6DhfZne5w8W6CIGqM4CUocUkQ&s
a flight was traveling when the animal got free on tuesday night,http://i.dailymail.co.uk/i/pix/2016/08/10/15/371349E500000578-0-image-a-15_1470837871650.jpg
us state speaks during a demonstration thursday ,"https://media-cldnry.s-nbcnews.com/image/upload/t_fit-760w,f_auto,q_auto:best/rockcms/2025-02/250205-usaid-protest-washington-dc-vl-240p-2ee1c4.jpg"
sad for loosing our money,http://images.gmanews.tv/webpics/2016/11/640_2_2016_11_29_17_19_15.jpg
Grumpy pig in a mud,https://media.istockphoto.com/id/139393388/photo/happy-as.jpg?s=612x612&w=0&k=20&c=ji2c_J7BvlG5F9XWVcSqpuMoLNNEVbmDVezCESqygMM=
all shots by by person and rider shots can be found on his website,https://ep1.pinkbike.org/p4pb6973204/p4pb6973204.jpg
